Workbook

Sheet Grobkonzept
U1: Nutzereingaben | AO1: Datenstufe 1 | AQ1: Datenstufe 2 | AU1: Datenstufe 3
U2: Gebäude Allgemein
AB3: Baujahr | AO3: keine | AQ3: Eingabe | AU3: Eingabe
AB4: Bewohner | AO4: keine | AQ4: Eingabe | AU4: Eingabe
AB5: Sanierungszustand | AI5: (schlecht mittel gut) | AO5: keine | AQ5: keine | AU5: Eingabe
U7: Dach
AB8: Alter des Bauteils | AO8: keine | AQ8: Eingabe | AU8: Eingabe
AB9: Fläche (Hüllflächenanteil) | AO9: keine | AQ9: Eingabe | AU9: Eingabe
AB10: Dachform | AO10: keine | AQ10: Eingabe | AU10: Eingabe
AB11: Dämmung vorhanden | AO11: keine | AQ11: Eingabe | AU11: Eingabe
AB12: Dämmschichtdicke | AO12: keine | AQ12: keine | AU12: Eingabe
AB13: Wärmeleitgruppe | AO13: keine | AQ13: keine | AU13: Eingabe
AB14: U-Wert Bestand | AI14: ggf. mit Link zu einem U-Wertrechenr | AO14: keine | AQ14: keine | AU14: Eingabe
U16: Oberste Geschossdecke (OGD)
AB17: Alter des Bauteils | AO17: keine | AQ17: Eingabe | AU17: Eingabe
AB18: Fläche (Hüllflächenanteil) | AO18: keine | AQ18: Eingabe | AU18: Eingabe
AB19: Dämmung vorhanden | AO19: keine | AQ19: Eingabe | AU19: Eingabe
AB20: Dämmschichtdicke | AO20: keine | AQ20: keine | AU20: Eingabe
AB21: Wärmeleitgruppe | AO21: keine | AQ21: keine | AU21: Eingabe
AB22: U-Wert Bestand | AO22: keine | AQ22: keine | AU22: Eingabe
U24: Außenwand
AB25: Alter des Bauteils | AO25: keine | AQ25: Eingabe | AU25: Eingabe
AB26: Fläche (Hüllflächenanteil) | AO26: keine | AQ26: Eingabe | AU26: Eingabe
AB27: Dämmung vorhanden | AO27: keine | AQ27: Eingabe | AU27: Eingabe
AB28: Dämmschichtdicke | AO28: keine | AQ28: keine | AU28: Eingabe
AB29: Wärmeleitgruppe | AO29: keine | AQ29: keine | AU29: Eingabe
AB30: U-Wert Bestand | AO30: keine | AQ30: keine | AU30: Eingabe
U32: Fenster/Türen
AB33: Alter des Bauteils | AO33: keine | AQ33: Eingabe | AU33: Eingabe
AB34: Fläche (Hüllflächenanteil) | AO34: keine | AQ34: Eingabe | AU34: Eingabe
AB35: U-Wert Bestand | AO35: keine | AQ35: keine | AU35: Eingabe
U37: Unterste Geschossdecek (UGD)
AB38: Alter des Bauteils | AO38: keine | AQ38: Eingabe | AU38: Eingabe
AB39: Fläche (Hüllflächenanteil) | AO39: keine | AQ39: Eingabe | AU39: Eingabe
AB40: Dämmung vorhanden | AO40: keine | AQ40: Eingabe | AU40: Eingabe
AB41: Dämmschichtdicke | AO41: keine | AQ41: keine | AU41: Eingabe
AB42: Wärmeleitgruppe | AO42: keine | AQ42: keine | AU42: Eingabe
AB43: U-Wert Bestand | AO43: keine | AQ43: keine | AU43: Eingabe
A46: Bestandsanalyse | B46: Weiterberechnung der für den Nutzer relevante Ergebnisse
AO47: Datenstufe 1 | AQ47: Datenstufe 2 | AU47: Datenstufe 2
AB48: Öl-Heizung | AI48: Standardkessel | AN48: Baujahr | AO48: Erzeugerart über Gebäudealter | AP48: Gebietszuodnung | AU48: Baujahr Nutzereingabe | AY48: Erzeugerart | BA48: Heizflächen | BC48: Zusatz
AB49: e th,ges | AC49: = | AD49: eh | AE49: * | AF49: eh,ce | AI49: Niedertemperaturkessel
AI50: Brennwertkessel
AB52: Gas-Heizung | AI52: Standardkessel | AN52: Baujahr | AO52: Erzeugerart über Gebäudealter | AP52: Gebietszuodnung | AU52: Baujahr Nutzereingabe | AY52: Erzeugerart | BA52: Heizflächen | BC52: Zusatz
T53: Endenergie-Aufwandszahl | AB53: e th,ges | AC53: = | AD53: eh | AE53: * | AF53: eh,ce | AI53: Niedertemperaturkessel | AU53: 1998 | AY53: Gas-Heizkessel | BA53: Radiatoren | BC53: -
B54: Endenergiebedarf | AB54: =AD54*AF54 -> 1.13741 | AC54: = | AD54: =AY54 -> 1.07 | AE54: * | AF54: =BA54 -> 1.063 | AI54: Brennwertkessel | AY54: ='Kat. 2 Heizung'!F14 -> 1.07 | BA54: ='Kat. 2 Heizung'!L13 -> 1.063
B55: Qf = | C55: =M59 -> 56134 | D55: [kWh/a] | T55: e th,ges
B56: qf = | C56: =M63 -> 386.2 | D56: [kWh/(m²a)] | T56: =AB54 -> 1.13741 | AB56: Biomasseheizung | AI56: Pellet | AN56: Baujahr | AO56: Erzeugerart über Gebäudealter | AP56: Gebietszuodnung | AU56: Baujahr Nutzereingabe | AY56: Erzeugerart | BA56: Heizflächen | BC56: Zusatz
H57: Primärenergiebedarf Qp in [kWh/a] | M57: Endenergiebedarf Qf in [kWh/a] | AB57: e th,ges | AC57: = | AD57: eh | AE57: * | AF57: eh,ce | AI57: Hackschnitzel
B58: Primärenergiebedarf | H58: Qp | I58: = | J58: Qf | K58: * | L58: Primärenergie-faktor fp | M58: Qf | N58: = | O58: (QH | P58: * | Q58: e th,ges) | R58: + | S58: Qw,b
B59: Qp = | C59: =H59 -> 61748 | D59: [kWh/a] | H59: =ROUNDUP(J59*L59,0) -> 61748 | I59: = | J59: =M59 -> 56134 | K59: * | L59: 1.1 | M59: =ROUNDUP(O59*Q59+S59,0) -> 56134 | N59: = | O59: =T71 -> 48063 | P59: * | Q59: =T56 -> 1.13741 | R59: + | S59: =T67 -> 1466
B60: qp = | C60: =H63 -> 424.82 | D60: [kWh/(m²a)] | AB60: Wärmepumpe | AI60: Luft-Wasser | AN60: Baujahr | AO60: Erzeugerart über Gebäudealter | AP60: Gebietszuodnung | AU60: Baujahr Nutzereingabe | AY60: Erzeugerart | BA60: Heizflächen | BC60: Zusatz
H61: Primärenergiebedarf qp in [kWh/m²a] | M61: Endenergiebedarf qf in [kWh/(m²a)] | AB61: e th,ges | AC61: = | AD61: eh | AE61: * | AF61: eh,ce | AI61: Luft-Luft
B62: äquivalente CO2-Emissionen | H62: qp | I62: = | J62: qf | K62: * | L62: Primärenergie-faktor fp | M62: qf | O62: Qf | P62: / | Q62: AN [m²] | AI62: Wasser-Wasser
B63: mCO2 = | C63: =Berechnungen!B106 -> 11.28 | D63: [t/a] | H63: =J63*L63 -> 424.82 | I63: = | J63: =M63 -> 386.2 | K63: * | L63: 1.1 | M63: =ROUNDUP(O63/Q63,1) -> 386.2 | N63: = | O63: =M59 -> 56134 | P63: / | Q63: =Berechnungen!B15 -> 145.376 | AI63: Sole-Wasser
B65: absolute Brennstoffkosten | T65: Warmwasserbereitung | AB65: Vereinfachtes Verfahren nach DIN 18599-10
C66: =Berechnungen!B114 -> 3694 | D66: € | H66: Testgebäude 1 | T66: Qw,b [kWh/a]
B67: spez. Brennstoffkosten | T67: =ROUND(Berechnungen!B64,0) -> 1466
D68: [ct/kWh]
T69: Heizwärmebedarf (Nutzenergie) | U69: Gesamtwärmeverlustkoeffizient | AB69: Wärmebrückenzuschlag ∆UWB [W/m²K] | AO69: Baujahr Grunddaten Vorgabe DIN 4108 ohne Berechnung oder Gleichwertigkeitsnachweis
B70: Brennstoffverbrauch | T70: QH [kWh/a] | U70: H [W/K] | AB70: =AP70 -> 0.1 | AO70: pauschal | AP70: 0.1
C71: =Berechnungen!B110 -> 5387 | D71: [m³] | T71: =ROUND(Berechnungen!B69,0) -> 48063 | U71: H | V71: = | W71: HV | X71: + | Y71: HT
U72: =ROUNDUP(W72+Y72,0) -> 612 | V72: = | W72: =Berechnungen!D40 -> 92.738985 | X72: + | Y72: =U74 -> 518.3 | AB72: Dach | AI72: Fläche A [m²] | AO72: LOD oder Nutzereingabe der Fläche [m²] | AU72: Nutzereingabe der Fläche | AY72: Beispiel: | BA72: 0 | BB72: [m²]
U73: HT | V73: = | W73: ∑HT | X73: + | Y73: ∆UWB | Z73: * | AA73: Ages | AI73: A = | AJ73: =BA73 -> 0 | AU73: Dachfläche - Dachfensterfläche: | BA73: =BA72-BA84 -> 0 | BB73: [m²]
U74: =W74+(Y74*AA74) -> 518.3 | V74: = | W74: =AB76+AB88+AB95+AB107+AB121+AB128 -> 481.74 | X74: + | Y74: =AB70 -> 0.1 | Z74: * | AA74: =AJ73+AK85+AK92+AK105+AK118+AK125 -> 365.6 | AB74: HT [W/K] | AI74: U-Wert [W/m²K] | AO74: Baujahr über LOD oder Alterseingabe (gemäß Kat.1 U-Wert) | AU74: Berechnung U-Wert über Nutzereingabe der Bauteilschichten | BF74: Dropdown-Menü entweder oder
U75: umfassungsflächenbezogener Transmissionswärmeverlust | AB75: HT | AC75: = | AD75: F | AE75: * | AF75: U | AG75: * | AH75: A | AI75: U | AJ75: = | AK75: (1 | AL75: / | AM75: RT) | AO75: ='Kat. 1 U-Wert'!B9 -> Massive Konstruktion | AP75: Flachdach | AU75: Zwischensparren Dicke | AY75: 0.2 | AZ75: [m] | BA75: Festgelegt WLG | BC75: 0.04
AB76: =AD76*AF76*AH76 -> 0 | AC76: = | AD76: 1 | AE76: * | AF76: =AI77 -> 0.2535 | AG76: * | AH76: =AJ73 -> 0 | AI76: =ROUND(AK76/AM76,3) -> 0.195 | AJ76: = | AK76: 1 | AL76: / | AM76: =AU79 -> 5.14 | AO76: ='Kat. 1 U-Wert'!B10 -> Holzkonstruktion | AP76: Satteldach | AU76: Aufdachdämmung Dicke | AY76: 0.2 | AZ76: [m] | BA76: Festgelegt WLG | BC76: 0.04
U77: HT' [W/m²K] | AI77: =AK77*AM77 -> 0.2535 | AJ77: = | AK77: =AI76 -> 0.195 | AL77: * | AM77: 1.3 | AU77: Stahlbetondecke 25cm mit R-Wert 0,11
U78: HT' | V78: = | W78: HT | X78: / | Y78: Ages | AU78: (RT,Zwischensparren | AV78: = | AW78: Rsi | AX78: + | AY78: ∑R (Dicke [m] | AZ78: / | BA78: λ [W/mK]) | BB78: + | BC78: Rse) | BD78: * | BE78: Minderungsfaktor
U79: =W79/Y79 -> 1.4176696 | V79: = | W79: =U74 -> 518.3 | X79: / | Y79: =AA74 -> 365.6 | AU79: =AW79+(AY79/BA79)+BC79 -> 5.14 | AV79: = | AW79: ='Kat. 1 U-Wert'!C51 -> 0.1 | AX79: + | AY79: =AY75 -> 0.2 | AZ79: / | BA79: =BC75 -> 0.04 | BB79: + | BC79: ='Kat. 1 U-Wert'!C52 -> 0.04 | BD79: * | BE79: 0.3
AI80: =ROUND(AK80/AM80,3) -> 0.191 | AJ80: = | AK80: 1 | AL80: / | AM80: =AU81 -> 5.2486957 | AU80: RT,Aufsparren | AV80: = | AW80: Rsi | AX80: + | AY80: ∑R (Dicke [m] | AZ80: / | BA80: λ [W/mK]) | BB80: + | BC80: Rse
AI81: kein Korrekturfaktor | AU81: =AW81+(AY81/BA81+AY82/BA82)+BC81 -> 5.2486957 | AV81: = | AW81: ='Kat. 1 U-Wert'!C51 -> 0.1 | AX81: + | AY81: =AY76 -> 0.2 | AZ81: / | BA81: =BC76 -> 0.04 | BB81: + | BC81: ='Kat. 1 U-Wert'!C52 -> 0.04
AY82: 0.25 | AZ82: / | BA82: 2.3
AB84: Dachfenster | AI84: Fläche A [m²] | AO84: LOD oder Nutzereingabe der Fläche [m²] | AU84: Nutzereingabe der Fläche | AY84: Beispiel: | BA84: =BA72*0.2 -> 0 | BB84: [m²]
AI85: A | AJ85: = | AK85: =BA84 -> 0
AB86: HT [W/K] | AI86: U-Wert [W/m²K] | AO86: Baujahr über LOD oder Alterseingabe (U-Wert gemäß Kat. 1) | AU86: Angabe des U-Werts über Nutzereingabe | AZ86: Bsp.: | BA86: 2 | BB86: [W/m²K]
AB87: HT | AC87: = | AD87: F | AE87: * | AF87: U | AG87: * | AH87: A | AI87: U | AJ87: = | AK87: =BA86 -> 2 | AO87: ='Kat. 1 U-Wert'!B40 -> Holzfenster, zwei Scheiben | AP87: (> 40 Jahre) | AU87: oder Alterseingabe gemäß Kat.1 U-Wert über
AB88: =AD88*AF88*AH88 -> 0 | AC88: = | AD88: 0.93 | AE88: * | AF88: =AK87 -> 2 | AG88: * | AH88: =AK85 -> 0 | AO88: ='Kat. 1 U-Wert'!B42 -> Kunststofffenster, Isolierverglasung | AP88: (< 40 Jahre) | AU88: Rahmenart (Holz, Kunststoff; Aluminium/Stahl) und
AU89: Glasart (Einfach; Zweifach; Dreifach)
AB91: OGD | AI91: Fläche A [m²] | AO91: LOD Grundfläche oder Nutzereingabe der Fläche [m²] | AU91: Nutzereingabe der Fläche | AY91: Beispiel: | BA91: =OGD!Z3 -> 77 | BB91: [m²]
AI92: A | AJ92: = | AK92: =BA91 -> 77
AB93: HT [W/K] | AI93: U-Wert [W/m²K] | AO93: Baujahr über LOD oder Alterseingabe (U-Wert gemäß Kat. 1) | AU93: Berechnung U-Wert über Nutzereingabe der Bauteilschichten
AB94: HT | AC94: = | AF94: U | AG94: * | AH94: A | AI94: U | AJ94: = | AK94: (1 | AL94: / | AM94: RT) | AO94: Dachraum beheizt Ja/Nein | AU94: ='Kat. 1 U-Wert'!B12 -> Massive Decke | AZ94: (gemäß Kat.1 U-Wert) | BC94: ='Kat. 1 U-Wert'!F13 -> 0.7
AB95: =AF95*AH95 -> 53.9 | AC95: = | AF95: =AI95 -> 0.7 | AG95: * | AH95: =AK92 -> 77 | AI95: =AK95/AM95 -> 0.7 | AJ95: = | AK95: 1 | AL95: / | AM95: =AU102+AW102 -> 1.4285714 | AO95: ='Kat. 1 U-Wert'!B12 -> Massive Decke | AP95: (< 60 Jahre) | AU95: ='Kat. 1 U-Wert'!B13 -> Holzbalkendecke | AZ95: (gemäß Kat.1 U-Wert)
AO96: ='Kat. 1 U-Wert'!B13 -> Holzbalkendecke | AP96: (> 60 Jahre) | AU96: Dämmschichtdicke | AY96: 0 | AZ96: [m] | BA96: Festgelegt WLG | BC96: 0.032
AU97: RT,Dämmung | AV97: = | AW97: Rsi | AX97: + | AY97: ∑R (Dicke [m] | AZ97: / | BA97: λ [W/mK]) | BB97: + | BC97: Rse
AU98: =AW98+(AY98/BA98)+BC98 -> 0 | AV98: = | AW98: =IF(AY96>0,'Kat. 1 U-Wert'!C51,0) -> 0 | AX98: + | AY98: =AY96 -> 0 | AZ98: / | BA98: =BC96 -> 0.032 | BB98: + | BC98: =IF(AY96>0,'Kat. 1 U-Wert'!C52,0) -> 0
AU99: RTDecke | AV99: = | AW99: 1 | AX99: / | AY99: (gemäß Kat.1 U-Wert)
AU100: =AW100/AY100 -> 1.4285714 | AV100: = | AW100: 1 | AX100: / | AY100: =BC94 -> 0.7
AU101: RT | AV101: = | AY101: (RTDecke | AZ101: + | BA101: RT,Dämmung)
AU102: =AY102+BA102 -> 1.4285714 | AV102: = | AY102: =AU100 -> 1.4285714 | AZ102: + | BA102: =AU98 -> 0
AB104: AW | AI104: Fläche A [m²] | AO104: LOD (Umfang aus Grundfläche x Höhe - Fensterflächenanteil ca. 35%) (ausschließlich für unbeheizte Kellerräume) oder Nutzereingabe der Fläche [m²] | AU104: Nutzereingabe der Fläche | AY104: Beispiel: | BA104: ='AW-Fenster'!AA3 -> 212 | BB104: [m²]
AB105: HT [W/K] | AI105: A | AJ105: = | AK105: =BA105 -> 169.6 | AU105: Außenwandfläche - Fensterfläche: | BA105: =BA104-BA117 -> 169.6 | BB105: [m²]
AB106: HT | AC106: = | AD106: F | AE106: * | AF106: U | AG106: * | AH106: A | AI106: U-Wert [W/m²K] | AO106: Baujahr über LOD oder Alterseingabe (gemäß Kat.1 U-Wert) | AU106: Berechnung U-Wert über Nutzereingabe der Bauteilschichten
AB107: =AD107*AF107*AH107 -> 237.44 | AC107: = | AD107: 1 | AE107: * | AF107: =AI107 -> 1.4 | AG107: * | AH107: =AK105 -> 169.6 | AI107: =ROUND(AK107/AM107,3) -> 1.4 | AJ107: = | AK107: 1 | AL107: / | AM107: =AU115 -> 0.71428571 | AO107: Massivwand mit WDVS (0,20 W/m²K) | AP107: (< 20 Jahre) | AU107: Außenwandkonstruktion (gemäß Kat.1 U-Wert) | BC107: ='Kat. 1 U-Wert'!F22 -> 1.4
AO108: ='Kat. 1 U-Wert'!B22 -> Sonstige Wandaufbauten über 20cm Wandstärke | AP108: (> 20 - 70 Jahre)
AO109: ='Kat. 1 U-Wert'!B19 -> Wie vorstehend, jedoch über 30cm Wandstärke | AP109: (> 70 Jahre) | AU109: Dämmschichtdicke | AY109: 0 | AZ109: [m] | BA109: Festgelegt WLG | BC109: 0.35
AU110: RT,Dämmung | AV110: = | AW110: Rsi | AX110: + | AY110: ∑R (Dicke [m] | AZ110: / | BA110: λ [W/mK]) | BB110: + | BC110: Rse
AU111: =AW111+(AY111/BA111)+BC111 -> 0 | AV111: = | AW111: =IF(AY109>0,'[1]Kat. 1 U-Wert'!G154,0) -> 0 | AX111: + | AY111: =AY109 -> 0 | AZ111: / | BA111: =BC109 -> 0.35 | BB111: + | BC111: =IF(AY109>0,'[1]Kat. 1 U-Wert'!G155,0) -> 0
AU112: RTAußenwand | AV112: = | AW112: 1 | AX112: / | AY112: (gemäß Kat.1 U-Wert)
...

Sheet Dach-Fenster
R2: Datenstufe 1 | T2: Datenstufe 2
C3: Dach | K3: Fläche A [m²] | R3: LOD oder Nutzereingabe der Fläche [m²] | T3: Nutzereingabe der Fläche | X3: Beispiel: | Z3: 0 | AA3: [m²]
L4: A = | M4: =Z3 -> 0 | T4: Dachfläche - Dachfensterfläche: | Z4: =Z3-Z15 -> 0 | AA4: [m²]
C5: HT [W/K] | K5: U-Wert [W/m²K] | R5: Baujahr über LOD oder Alterseingabe (gemäß Kat.1 U-Wert) | T5: Berechnung U-Wert über Nutzereingabe der Bauteilschichten | AE5: Dropdown-Menü entweder oder
D6: HT | E6: = | F6: U | G6: * | H6: A | K6: U | L6: = | M6: (1 | N6: / | O6: RT) | R6: Dachraum beheizt Ja / Nein | T6: Zwischensparren Dicke | X6: 0.2 | Y6: [m] | Z6: Festgelegt WLG | AB6: 0.04
D7: =F7*H7 -> 0 | E7: = | F7: =ROUND(K8,3) -> 0.254 | G7: * | H7: =M4 -> 0 | K7: =ROUND(M7/O7,3) -> 0.195 | L7: = | M7: 1 | N7: / | O7: =T10 -> 5.14 | R7: ='Kat. 1 U-Wert'!B9 -> Massive Konstruktion | S7: Flachdach | T7: Aufdachdämmung Dicke | X7: 0.2 | Y7: [m] | Z7: Festgelegt WLG | AB7: 0.04
K8: =M8*O8 -> 0.2535 | L8: = | M8: =K7 -> 0.195 | N8: * | O8: 1.3 | R8: ='Kat. 1 U-Wert'!B10 -> Holzkonstruktion | S8: Satteldach | T8: Stahlbetondecke 25cm mit R-Wert 0,11
T9: (RT,Zwischensparren | U9: = | V9: Rsi | W9: + | X9: ∑R (Dicke [m] | Y9: / | Z9: λ [W/mK]) | AA9: + | AB9: Rse) | AC9: * | AD9: Minderungsfaktor
T10: =V10+(X10/Z10)+AB10 -> 5.14 | U10: = | V10: ='Kat. 1 U-Wert'!C51 -> 0.1 | W10: + | X10: =X6 -> 0.2 | Y10: / | Z10: =AB6 -> 0.04 | AA10: + | AB10: ='Kat. 1 U-Wert'!C52 -> 0.04 | AC10: * | AD10: 0.3
K11: =ROUND(M11/O11,3) -> 0.191 | L11: = | M11: 1 | N11: / | O11: =T12 -> 5.2486957 | T11: RT,Aufsparren | U11: = | V11: Rsi | W11: + | X11: ∑R (Dicke [m] | Y11: / | Z11: λ [W/mK]) | AA11: + | AB11: Rse
K12: kein Korrekturfaktor | T12: =V12+(X12/Z12+X13/Z13)+AB12 -> 5.2486957 | U12: = | V12: ='Kat. 1 U-Wert'!C51 -> 0.1 | W12: + | X12: =X7 -> 0.2 | Y12: / | Z12: =AB7 -> 0.04 | AA12: + | AB12: ='Kat. 1 U-Wert'!C52 -> 0.04
X13: 0.25 | Y13: / | Z13: 2.3
C15: Dachfenster | K15: Fläche A [m²] | R15: LOD oder Nutzereingabe der Fläche [m²] | T15: Nutzereingabe der Fläche | X15: Beispiel: | Z15: =Z3*0.2 -> 0 | AA15: [m²]
D16: HT | E16: = | F16: F | G16: * | H16: U | I16: * | J16: A | K16: A | L16: = | M16: =Z15 -> 0
D17: =F17*H17*J17 -> 0 | E17: = | F17: 0.93 | G17: * | H17: =M18 -> 2 | I17: * | J17: =M16 -> 0 | K17: U-Wert [W/m²K] | R17: Baujahr über LOD oder Alterseingabe (U-Wert gemäß Kat. 1) | T17: Angabe des U-Werts über Nutzereingabe | Z17: Beispiel: | AA17: 2 | AB17: [W/m²K]
K18: U | L18: = | M18: =AA17 -> 2 | R18: ='Kat. 1 U-Wert'!B40 -> Holzfenster, zwei Scheiben | S18: (> 40 Jahre) | T18: oder Alterseingabe gemäß Kat.1 U-Wert über
R19: ='Kat. 1 U-Wert'!B42 -> Kunststofffenster, Isolierverglasung | S19: (< 40 Jahre) | T19: Rahmenart (Holz, Kunststoff; Aluminium/Stahl) und
T20: Glasart (Einfach; Zweifach; Dreifach)
B24: Dach saniert | H24: Dicke Dämmung NEU | K24: U-Wert NEU | M24: U-Wert VORH | P24: Lamda-Wert | R24: Sanierungsempfehlung über Baujahr nach Gebiet oder Nutzereingabe
B25: HT [W/K] | H25: [m] | K25: [W/m²K] | M25: [W/m²K] | P25: λ [W/mK]) | R25: (<20 Jahre Bewertung als neues Dach) | S25: keine Empfehlung | T25: Sanierungswunsch Ja / Nein Annahme Standardwärmedämmung Mineralwolle WLG (035) U-Wert gemäß BEG EM 0,14 [W/m²K]
B26: HT | C26: = | D26: U | E26: * | F26: A | H26: =ROUNDUP(H30,2) -> #DIV/0! | K26: ='Kat. 1 U-Wert'!F96 -> 0.14 | M26: =L14 -> 0 | P26: =AB7 -> 0.04
B27: =D27*F27 -> 0 | C27: = | D27: =K26 -> 0.14 | E27: * | F27: =M4 -> 0 | H27: einzubauende Dämmstärke | K27: gemäß BEG EM | M27: Bestand | P27: Dämmung Neu | R27: (20-40 Jahre Bewertung als sanierungsbedüftig) | S27: Empfehlung Dämmung | T27: aus Datenstufe 2 Bestandsaufnahme Annahme Standardwärmedämmung Mineralwolle WLG (035) U-Wert gemäß BEG EM 0,14 [W/m²K]
H29: dDä,NEU | J29: = | K29: (1/UNEU | M29: - | N29: 1/UVORH) | P29: * | Q29: λDä,NEU | R29: Dämmung >40 Jahre Bewertung als sanierungsbedürftig | S29: Komplettsanierung | T29: aus Datenstufe 2 Bestandsaufnahme Annahme Standardwärmedämmung Mineralwolle WLG (035) U-Wert gemäß BEG EM 0,14 [W/m²K]
H30: =(K30-N30)*Q30 -> #DIV/0! | J30: = | K30: =1/K26 -> 7.1428571 | M30: - | N30: =1/0 -> #DIV/0! | P30: * | Q30: =P26 -> 0.04
B32: Platzhalter für Kosten
B34: Dachfenster saniert | K34: U-Wert NEU | M34: U-Wert VORH | R34: Dachfenstertausch über Baujahr nach Gebiet oder Nutzereingabe
B35: HT [W/K] | K35: [W/m²K] | M35: [W/m²K] | R35: (<30 Jahre Bewertung als neueres Fenster) | S35: keine Empfehlung | T35: Sanierungswunsch Ja / Nein Standard-Kunststoffrahmen- oder Holzrahmenfenster U-Wert gemäß BEG EM 1,00 [W/m²K]
B36: HT | C36: = | D36: U | E36: * | F36: A | K36: ='Kat. 1 U-Wert'!F88 -> 1 | M36: =M18 -> 2
B37: =D37*F37 -> 0 | C37: = | D37: =K36 -> 1 | E37: * | F37: =M16 -> 0 | K37: gemäß BEG EM | M37: Bestand | R37: (>30 Jahre Bewertung als sanierungsbedürftig) | S37: Dachfenstertausch | T37: Abfrage: Standard-Kunststoffrahmen- oder Holzrahmenfenster U-Wert gemäß BEG EM 1,00 [W/m²K]
B39: Platzhalter für Kosten

Sheet OGD
R2: Datenstufe 1 | T2: Datenstufe 2
C3: OGD | K3: Fläche A [m²] | R3: LOD Grundfläche oder Nutzereingabe der Fläche [m²] | T3: Nutzereingabe der Fläche | X3: Beispiel: | Z3: 77 | AA3: [m²]
K4: A | L4: = | M4: =Z3 -> 77
C5: HT [W/K] | K5: U-Wert [W/m²K] | R5: Baujahr über LOD oder Alterseingabe (gemäß Kat.1 U-Wert) | T5: Berechnung U-Wert über Nutzereingabe der Bauteilschichten
D6: HT | E6: = | F6: U | G6: * | H6: A | K6: U | L6: = | M6: (1 | N6: / | O6: RT) | R6: Dachraum beheizt Ja/Nein | T6: ='Kat. 1 U-Wert'!B12 -> Massive Decke | Y6: (gemäß Kat.1 U-Wert) | AB6: ='Kat. 1 U-Wert'!F13 -> 0.7
D7: =F7*H7 -> 53.9 | E7: = | F7: =K7 -> 0.7 | G7: * | H7: =M4 -> 77 | K7: =M7/O7 -> 0.7 | L7: = | M7: 1 | N7: / | O7: =X14+Z14 -> 1.4285714 | R7: ='Kat. 1 U-Wert'!B12 -> Massive Decke | S7: (< 60 Jahre) | T7: ='Kat. 1 U-Wert'!B13 -> Holzbalkendecke | Y7: (gemäß Kat.1 U-Wert)
R8: ='Kat. 1 U-Wert'!B13 -> Holzbalkendecke | S8: (> 60 Jahre) | T8: Dämmschichtdicke | X8: 0 | Y8: [m] | Z8: Festgelegt WLG | AB8: 0.032
T9: RT,Dämmung | U9: = | V9: Rsi | W9: + | X9: ∑R (Dicke [m] | Y9: / | Z9: λ [W/mK]) | AA9: + | AB9: Rse
T10: =V10+(X10/Z10)+AB10 -> 0 | U10: = | V10: =IF(X8>0,'Kat. 1 U-Wert'!C51,0) -> 0 | W10: + | X10: =X8 -> 0 | Y10: / | Z10: =AB8 -> 0.032 | AA10: + | AB10: =IF(X8>0,'Kat. 1 U-Wert'!C52,0) -> 0
T11: RTDecke | U11: = | V11: 1 | W11: / | X11: (gemäß Kat.1 U-Wert)
T12: =V12/X12 -> 1.4285714 | U12: = | V12: 1 | W12: / | X12: =AB6 -> 0.7
T13: RT | U13: = | X13: (RTDecke | Y13: + | Z13: RT,Dämmung)
T14: =X14+Z14 -> 1.4285714 | U14: = | X14: =T12 -> 1.4285714 | Y14: + | Z14: =T10 -> 0
B17: OGD saniert | H17: Dicke Dämmung NEU | K17: U-Wert NEU | M17: U-Wert VORH | P17: Lamda-Wert | R17: Sanierungsempfehlung über Baujahr nach Gebiet oder Nutzereingabe
B18: HT [W/K] | H18: [m] | K18: [W/m²K] | M18: [W/m²K] | P18: λ [W/mK]) | R18: Oberste Geschossdecke gedämmt | S18: keine Empfehlung | U18: Sanierungswunsch Ja / Nein Annahme Standardwärmedämmung EPS/XPS WLG (032) U-Wert gemäß BEG EM 0,14 [W/m²K]
B19: HT | C19: = | D19: U | E19: * | F19: A | H19: =_xlfn.CEILING.MATH(H23,0.02) -> 0.2 | K19: ='Kat. 1 U-Wert'!F98 -> 0.14 | M19: =K7 -> 0.7 | P19: =AB8 -> 0.032
B20: =D20*F20 -> 10.78 | C20: = | D20: =K19 -> 0.14 | E20: * | F20: =M4 -> 77 | H20: einzubauende Dämmstärke | K20: gemäß BEG EM | M20: Bestand | P20: Dämmung Neu | R20: Oberste Geschossdecke nicht gedämmt | S20: Empfehlung Dämmung | U20: aus Datenstufe 2 Bestandsaufnahme Annahme Standardwärmedämmung EPS/XPS WLG (032) U-Wert gemäß BEG EM 0,14 [W/m²K]
H22: dDä,NEU | J22: = | K22: (1/UNEU | M22: - | N22: 1/UVORH) | P22: * | Q22: λDä,NEU | R22: Dämmung >40 Jahre Bewertung als sanierungsbedürftig | S22: Komplettsanierung | U22: aus Datenstufe 2 Bestandsaufnahme Annahme Standardwärmedämmung EPS/XPS WLG (032) U-Wert gemäß BEG EM 0,14 [W/m²K]
H23: =(K23-N23)*Q23 -> 0.18285714 | J23: = | K23: =1/K19 -> 7.1428571 | M23: - | N23: =1/K7 -> 1.4285714 | P23: * | Q23: =P19 -> 0.032
B25: Platzhalter für Kosten

Sheet AW-Fenster
S2: Datenstufe 1 | U2: Datenstufe 2
D3: AW | L3: Fläche A [m²] | S3: LOD (Umfang aus Grundfläche x Höhe - Fensterflächenanteil ca. 30%) (ausschließlich für unbeheizte Kellerräume) oder Nutzereingabe der Fläche [m²] | U3: Nutzereingabe der Fläche | Y3: Beispiel: | AA3: 212 | AB3: [m²]
L4: A | M4: = | N4: =AA4 -> 169.6 | U4: Außenwandfläche - Fensterfläche: | AA4: =AA3-AA16 -> 169.6 | AB4: [m²]
L5: U-Wert [W/m²K] | S5: Baujahr über LOD oder Alterseingabe (gemäß Kat.1 U-Wert) | U5: Berechnung U-Wert über Nutzereingabe der Bauteilschichten
D6: HT [W/K] | L6: =ROUND(N6/P6,3) -> 1.4 | M6: = | N6: 1 | O6: / | P6: =U14 -> 0.71428571 | S6: Massivwand mit WDVS (0,20 W/m²K) | T6: (< 20 Jahre) | U6: Außenwandkonstruktion (gemäß Kat.1 U-Wert) | AC6: ='Kat. 1 U-Wert'!F22 -> 1.4
E7: HT | F7: = | G7: F | H7: * | I7: U | J7: * | K7: A | S7: ='Kat. 1 U-Wert'!B22 -> Sonstige Wandaufbauten über 20cm Wandstärke | T7: (> 20 - 70 Jahre)
E8: =G8*I8*K8 -> 237.44 | F8: = | G8: 1 | H8: * | I8: =L6 -> 1.4 | J8: * | K8: =N4 -> 169.6 | S8: ='Kat. 1 U-Wert'!B19 -> Wie vorstehend, jedoch über 30cm Wandstärke | T8: (> 70 Jahre) | U8: Dämmschichtdicke | Y8: 0 | Z8: [m] | AA8: Festgelegt WLG | AC8: 0.035
U9: RT,Dämmung | V9: = | W9: Rsi | X9: + | Y9: ∑R (Dicke [m] | Z9: / | AA9: λ [W/mK]) | AB9: + | AC9: Rse
U10: =W10+(Y10/AA10)+AC10 -> 0 | V10: = | W10: =IF(Y8>0,'Kat. 1 U-Wert'!C51,0) -> 0 | X10: + | Y10: =Y8 -> 0 | Z10: / | AA10: =AC8 -> 0.035 | AB10: + | AC10: =IF(Y8>0,'Kat. 1 U-Wert'!C52,0) -> 0
U11: RTAußenwand | V11: = | W11: 1 | X11: / | Y11: (gemäß Kat.1 U-Wert)
U12: =W12/Y12 -> 0.71428571 | V12: = | W12: 1 | X12: / | Y12: =AC6 -> 1.4
U13: RT | V13: = | Y13: (RTAußenwand | Z13: + | AA13: RT,Dämmung)
U14: =Y14+AA14 -> 0.71428571 | V14: = | Y14: =U12 -> 0.71428571 | Z14: + | AA14: =U10 -> 0
D16: Fenster/ Türen | L16: Fläche A [m²] | S16: Flächenanteil LOD (35% der Gesamtaußenwandfläche) oder Nutzeingabe der Fläche | U16: Nutzereingabe der Fläche | Y16: Beispiel: | AA16: =AA3*0.2 -> 42.4 | AB16: [m²]
L17: A | M17: = | N17: =AA16 -> 42.4 | O17: m²
D18: HT [W/K] | L18: U-Wert [W/m²K] | S18: Baujahr über LOD oder Alterseingabe (gemäß Kat.1 U-Wert) | U18: Angabe des U-Werts über Nutzereingabe | AA18: Beispiel: | AB18: ='Kat. 1 U-Wert'!I40 -> 2.7 | AC18: [W/m²K]
E19: HT | F19: = | G19: F | H19: * | I19: U | J19: * | K19: A | L19: U | M19: = | N19: =AB18 -> 2.7 | S19: ='Kat. 1 U-Wert'!B40 -> Holzfenster, zwei Scheiben | T19: (> 40 Jahre) | U19: oder Alterseingabe gemäß Kat.1 U-Wert über
E20: =G20*I20*K20 -> 114.48 | F20: = | G20: 1 | H20: * | I20: =N19 -> 2.7 | J20: * | K20: =N17 -> 42.4 | S20: ='Kat. 1 U-Wert'!B42 -> Kunststofffenster, Isolierverglasung | T20: (< 40 Jahre) | U20: Rahmenart (Holz, Kunststoff; Aluminium/Stahl) und
U21: Glasart (Einfach; Zweifach; Dreifach)
C25: AW saniert | I25: Dicke Dämmung NEU | L25: U-Wert NEU | N25: U-Wert VORH | Q25: Lamda-Wert | S25: Sanierungsempfehlung über Baujahr nach Gebiet oder Nutzereingabe
C26: HT [W/K] | I26: [m] | L26: [W/m²K] | N26: [W/m²K] | Q26: λ [W/mK]) | S26: Außenwand gedämmt | T26: keine Empfehlung | V26: Sanierungswunsch Ja / Nein Annahme Standardwärmedämmung EPS WLG (035) U-Wert gemäß BEG EM 0,20 [W/m²K]
C27: HT | D27: = | E27: U | F27: * | G27: A | I27: =_xlfn.CEILING.MATH(I31,0.02) -> 0.16 | L27: ='Kat. 1 U-Wert'!F67 -> 0.2 | N27: =L6 -> 1.4 | Q27: =AC8 -> 0.035
C28: =E28*G28 -> 34 | D28: = | E28: =L27 -> 0.2 | F28: * | G28: =ROUNDUP(N4,0) -> 170 | I28: einzubauende Dämmstärke | L28: gemäß BEG EM | N28: Bestand | Q28: Dämmung Neu | S28: Außenwand nicht gedämmt | T28: Empfehlung Dämmung | V28: aus Datenstufe 2 Bestandsaufnahme Annahme Standardwärmedämmung EPS WLG (035) U-Wert gemäß BEG EM 0,20 [W/m²K]
I30: dDä,NEU | K30: = | L30: (1/UNEU | N30: - | O30: 1/UVORH) | Q30: * | R30: λDä,NEU | S30: Dämmung >50 Jahre Bewertung als sanierungsbedürftig | T30: Empfehlung Dämmungaustausch | V30: aus Datenstufe 2 Bestandsaufnahme Annahme Standardwärmedämmung EPS WLG (035) U-Wert gemäß BEG EM 0,20 [W/m²K]
I31: =(L31-O31)*R31 -> 0.15 | K31: = | L31: =1/L27 -> 5 | N31: - | O31: =1/N27 -> 0.71428571 | Q31: * | R31: =Q27 -> 0.035
C33: Platzhalter für Kosten
C35: Fenster/ Türen saniert | L35: U-Wert NEU | N35: U-Wert VORH | S35: Dachfenstertausch über geschätztes Baujahr nach Gebiet oder Nutzereingabe
C36: HT [W/K] | L36: [W/m²K] | N36: [W/m²K] | S36: (<30 Jahre Bewertung als neueres Fenster) | T36: keine Empfehlung | V36: Sanierungswunsch Ja / Nein Standard-Kunststoffrahmen- oder Holzrahmenfenster U-Wert gemäß BEG EM 0,95 [W/m²K]
C37: HT | D37: = | E37: U | F37: * | G37: A | L37: ='Kat. 1 U-Wert'!F76 -> 0.95 | N37: =N19 -> 2.7
C38: =E38*G38 -> 40.28 | D38: = | E38: =L37 -> 0.95 | F38: * | G38: =N17 -> 42.4 | L38: gemäß BEG EM | N38: Bestand | S38: (>30 Jahre Bewertung als sanierungsbedürftig) | T38: Dachfenstertausch | V38: Abfrage: Standard-Kunststoffrahmen- oder Holzrahmenfenster U-Wert gemäß BEG EM 0,95 [W/m²K]
C40: Platzhalter für Kosten

Sheet UGD
R2: Datenstufe 1 | T2: Datenstufe 2
C3: UGD | K3: Fläche A [m²] | R3: LOD Grundfläche oder Nutzereingabe der Fläche [m²] | T3: Nutzereingabe der Fläche | X3: Beispiel: | Z3: 77 | AA3: [m²]
K4: A | L4: = | M4: =Z3 -> 77
C5: HT [W/K] | K5: U-Wert [W/m²K] | R5: Baujahr über LOD oder Alterseingabe (gemäß Kat.1 U-Wert) | T5: Berechnung U-Wert über Nutzereingabe der Bauteilschichten
D6: HT | E6: = | F6: U | G6: * | H6: A | K6: U | L6: = | M6: (1 | N6: / | O6: RT) | R6: ='Kat. 1 U-Wert'!B27 -> Kellerdecke Stahlbeton massiv | S6: (> 60 Jahre) | T6: ='Kat. 1 U-Wert'!B27 -> Kellerdecke Stahlbeton massiv | Y6: (gemäß Kat.1 U-Wert) | AB6: ='Kat. 1 U-Wert'!F27 -> 1
D7: =F7*H7 -> 77 | E7: = | F7: =K7 -> 1 | G7: * | H7: =M4 -> 77 | K7: =M7/O7 -> 1 | L7: = | M7: 1 | N7: / | O7: =T10+T12 -> 1 | R7: ='Kat. 1 U-Wert'!B28 -> Kellerdecke als Holzbalkendecke | S7: (< 60 Jahre) | T7: ='Kat. 1 U-Wert'!B28 -> Kellerdecke als Holzbalkendecke | Y7: (gemäß Kat.1 U-Wert)
R8: ='Kat. 1 U-Wert'!B29 -> Boden gegen Erdreich, Stahlbeton massiv | S8: (beheizter Keller) | T8: Dämmschichtdicke | X8: 0 | Y8: [m] | Z8: Festgelegt WLG | AB8: 0.03
T9: RT,Dämmung | U9: = | V9: Rsi | W9: + | X9: ∑R (Dicke [m] | Y9: / | Z9: λ [W/mK]) | AA9: + | AB9: Rse
T10: =V10+(X10/Z10)+AB10 -> 0 | U10: = | V10: =IF(X8>0,'Kat. 1 U-Wert'!C51,0) -> 0 | W10: + | X10: =X8 -> 0 | Y10: / | Z10: =AB8 -> 0.03 | AA10: + | AB10: =IF(X8>0,'Kat. 1 U-Wert'!C52,0) -> 0
T11: RTDecke | U11: = | V11: 1 | W11: / | X11: (gemäß Kat.1 U-Wert)
T12: =V12/X12 -> 1 | U12: = | V12: 1 | W12: / | X12: =AB6 -> 1
T13: RT | U13: = | X13: (RTDecke | Y13: + | Z13: RT,Dämmung)
T14: =X14+Z14 -> 1 | U14: = | X14: =T12 -> 1 | Y14: + | Z14: =T10 -> 0
B17: UGD saniert | H17: Dicke Dämmung NEU | K17: U-Wert NEU | M17: U-Wert VORH | P17: Lamda-Wert | R17: Sanierungsempfehlung über Baujahr nach Gebiet oder Nutzereingabe
B18: HT [W/K] | H18: [m] | K18: [W/m²K] | M18: [W/m²K] | P18: λ [W/mK]) | R18: Unterste Geschossdecke gedämmt | S18: keine Empfehlung | U18: Sanierungswunsch Ja / Nein Annahme Standardwärmedämmung EPS/XPS WLG (030) U-Wert gemäß BEG EM 0,25 [W/m²K]
B19: HT | C19: = | D19: U | E19: * | F19: A | H19: =_xlfn.CEILING.MATH(H23,0.02) -> 0.1 | K19: ='Kat. 1 U-Wert'!F102 -> 0.25 | M19: =K7 -> 1 | P19: =AB8 -> 0.03
B20: =D20*F20 -> 19.25 | C20: = | D20: =K19 -> 0.25 | E20: * | F20: =M4 -> 77 | H20: einzubauende Dämmstärke | K20: gemäß BEG EM | M20: Bestand | P20: Dämmung Neu | R20: Unterste Geschossdecke nicht gedämmt | S20: Empfehlung Dämmung | U20: aus Datenstufe 2 Bestandsaufnahme Annahme Standardwärmedämmung EPS/XPS WLG (030) U-Wert gemäß BEG EM 0,25 [W/m²K]
H22: dDä,NEU | J22: = | K22: (1/UNEU | M22: - | N22: 1/UVORH) | P22: * | Q22: λDä,NEU | R22: Dämmung >40 Jahre Bewertung als sanierungsbedürftig | S22: Empfehlung Dämmungstausch | U22: aus Datenstufe 2 Bestandsaufnahme Annahme Standardwärmedämmung EPS/XPS WLG (030) U-Wert gemäß BEG EM 0,25 [W/m²K]
H23: =(K23-N23)*Q23 -> 0.09 | J23: = | K23: =1/K19 -> 4 | M23: - | N23: =1/K7 -> 1 | P23: * | Q23: =P19 -> 0.03
B25: Platzhalter für Kosten

Sheet Heizung
A4: Heizungssystem - Bestand
A5: Endenergie-Aufwandszahl e th,ges | B5: System | D5: zentral
D6: zentral mit Zusatzheizung
D7: dezentral
B9: Jahresverbrauch Wertermittlung (kWh/a) | D9: Nutzereingabe in kWh/a
F11: Umbau auf Flächenheizung erwünscht? Ja/Nein | G11: Brennstofflager-fläche vorhanden Ja/Nein | H11: Sanierungsmaßnahme Bsp
B12: Wärmeerzeugung zentral | C12: Baujahr über LOD oder Alterseingabe (gemäß Kat.2 Heizung) | D12: Nutzereingabe der Heizungsanlage
C14: Öl | D14: Standardkessel | F14: X | G14: - | H14: Wärmepumpe(Luft-Wasser)
D15: Niedertemperaturkessel | F15: - | G15: X | H15: Biomasse (kein Lager = Fernwärme)
D16: Brennwertkessel | F16: - | G16: - | H16: Gas-Hybridheizung / Fernwärme
C18: Erdgas | D18: Standardkessel | F18: - | G18: - | H18: Gas-Hybridheizung / Fernwärme
D19: Niedertemperaturkessel | F19: - | G19: X | H19: Biomasse (kein Lager = Fernwärme)
D20: Brennwertkessel | F20: X | H20: Wärmepumpe
C22: Biomasse | D22: Pellets | F22: - | G22: - | H22: keine Sanierungsempfehlung
D23: Scheitholz | F23: - | G23: - | H23: keine Sanierungsempfehlung
C25: Strom | D25: Luft-Wasser Wärmepumpe | F25: - | G25: - | H25: keine Sanierungsempfehlung
D26: Wasser-Wasser Wärmepumpe | F26: - | G26: - | H26: keine Sanierungsempfehlung
D27: Sole-Wasser Wärmepumpe Sonden | F27: - | G27: - | H27: keine Sanierungsempfehlung
D28: Sole-Wasser Wärmepumpe Erdkollektor | F28: - | G28: - | H28: keine Sanierungsempfehlung
D29: Stromdirektheizung | F29: X | G29: - | H29: Wärmepumpe
C31: Fernwärme | H31: keine Sanierungsempfehlung
B33: Zusatzheizung | C33: Sonne | D33: Solarthermie WWB | F33: - | H33: keine Sanierungsempfehlung
D34: Solarthermie WWB und Heizung | F34: - | H34: keine Sanierungsempfehlung
C36: Biomasse | D36: Pellets | F36: - | H36: keine Sanierungsempfehlung
D37: Scheitholz | F37: - | H37: keine Sanierungsempfehlung
B39: Heizflächenart | C39: Heizkörper | F39: X | H39: Umbau zur Flächenheizung
C40: Flächenheizung (Fußboden-, Wand-, Deckenheizung) | F40: -
C42: Einzelöfen | F42: -
B43: Zusatzimfomation für Sanierungsempfehlung
C45: Photovoltaik-Anlage vorhanden
C46: Photovoltaik-Anlage möglich | D46: Solarkataster
C48: Fernwärmeanschluss möglich | D48: Gebietszuordnung
C50: Gasanschluss vorhanden | D50: Gebietszuordnung
C52: Umstellung auf Flächenheizung geplant
C54: Brennstofflagerfläche im Gebäude vorhanden
C55: Brennstofflagerfläche im Gebäude möglich

Sheet Berechnungen
B2: beheiztes Gebäudevolumen
B3: Ve | C3: = | D3: Grundfläche | E3: * | F3: Geschosshöhen | N3: Ve beheiztes Gebäudevolumen über LOD (Grundfläche x Höhe)
B4: [m³] | D4: [m²] | F4: [m]
B5: =D5*F5 -> 454.3 | C5: = | D5: 77 | E5: * | F5: 5.9
B7: beheiztes Luftvolumen
B8: VL | C8: = | D8: 0.76 | E8: * | F8: Ve | N8: VL beheiztes Luftvolumen [bis zu 3 Vollgeschosse (0,76 * Ve) oder übrige Fälle (0,80 * Ve) ]
B9: [m³] | D9: Fixwert | F9: [m³]
B10: =D10*F10 -> 345.268 | C10: = | D10: 0.76 | E10: * | F10: =B5 -> 454.3
B12: Nutzfläche über beheiztes Gebäudevolumen
B13: AN | C13: = | D13: 0.32 | E13: * | F13: Ve | N13: AN Nutzfläche nach GEG (0,32 * Ve )
B14: [m²] | D14: Fixwert | F14: [m³]
B15: =D15*F15 -> 145.376 | C15: = | D15: 0.32 | E15: * | F15: =F10 -> 454.3
B17: Nettogrundfläche EFH über Nutzfläche
B18: ANGF | C18: = | D18: 1,1/1,35 | E18: * | F18: AN | N18: ANGF EFH mit beheiztem Keller (1,1/1,35 * AN)
B19: [m²] | D19: Fixwert | F19: [m²] | N19: Abhängig vom Bestandsgebäude
B20: =D20*F20 -> 118.45452 | C20: = | D20: =1.1/1.35 -> 0.81481481 | E20: * | F20: =B15 -> 145.376
B22: Nettogrundfläche MFH über Nutzfläche
B23: ANGF | C23: = | D23: 1,1/1,2 | E23: * | F23: AN | N23: ANGF EFH ohne beheiztem Keller sowie MFH (1,1/1,2 * AN)
B24: [m²] | D24: Fixwert | F24: [m²] | N24: Abhängig vom Bestandsgebäude
B25: =D25*F25 -> 133.26133 | C25: = | D25: =1.1/1.2 -> 0.91666667 | E25: * | F25: =B15 -> 145.376
B27: Nettgrundfläche über Wohnfläche
B28: ANGF | C28: = | D28: 1.1 | E28: * | F28: AWohn | N28: ANGF (1,1 * Awohn)
B29: [m²] | D29: Fixwert | F29: [m²]
B30: =D30*F30 -> 154 | C30: = | D30: 1.1 | E30: * | F30: 140
B32: Gesamtluftwechsel ohne mech. Lüftung (Lüftungswärmeverlust)
B33: HV | C33: = | D33: n | E33: * | F33: 0.34 | G33: * | H33: VL | N33: HV Gesamtluftwechsel ohne mechanische Lüftung (Infiltration+Fenster)
B34: [W/K] | D34: [h-1] | F34: Fixwert [Wh/m³K] | H34: [m³] | N34: ρ * Cp = 0,34 Produkt aus Dichte und spez. Wärmekapazität von Luft [Wh/m³K]
B35: =D35*F35*H35 -> 92.738985 | C35: = | D35: 0.79 | E35: * | F35: 0.34 | G35: * | H35: =B10 -> 345.268 | N35: n = ninf + nwin (Kategorie 3 Gebäudebestand n = 0,79)
B37: Gesamtwärmeverlust
B38: H | C38: = | D38: HV | E38: + | F38: HT | N38: HV = Lüftungswärmeverlust
B39: [W/K] | D39: [W/K] | F39: [W/K] | N39: HT = Tranmissionswärmeverlust aller Bauteile inkl Wärmebrücken
B40: =D40+F40 -> 610.73898 | C40: = | D40: =B35 -> 92.738985 | E40: + | F40: =ROUND(Grobkonzept!U74,0) -> 518
B42: Gesamt-Lüftungswärmesenken ohne mech. Lüftung
B43: QV | C43: = | D43: HV | E43: * | F43: Θi | G43: - | H43: Θe | I43: * | J43: 0.001 | K43: * | L43: t | N43: QV Gesamt-Lüftungswärmsenken | Q43: t = 24 Stunden pro Tag [h/d]
B44: [kWh/d] | D44: [W/K] | F44: [°C] | H44: [°C] | J44: Fixwert [kW] | L44: [h/d] | N44: Θi = Bilanz-Innentemperatur Gebäudezone [20°C] | R44: Θe = durchschnittliche monatliche Außentemperatur [°C]
B45: QV [kWh/a] | C45: = | D45: HV [W/K] | E45: * | F45: HDD [Kd/a] | I45: * | J45: 24/1000 [Fixwert] | M45: <-- | N45: angepasste Formel zur weiteren Berechnung
B46: =D46*F46*J46 -> 8070.5174 | C46: = | D46: =B35 -> 92.738985 | E46: * | F46: 3626 | I46: * | J46: 0.024
B48: Interne Wärmequellen über Nettogrundfläche
B49: Ql,source | C49: = | D49: ql | E49: * | F49: ANGF | G49: * | H49: 0.001 | N49: Interne Wärmequellen mit ql = 45Wh/m²d (EFH) oder 90 Wh/m²d (MFH)
B50: [kWh] | D50: [W/m²d] | F50: [m²] | H50: Fixwert [kW]
B51: =D51*F51*H51 -> 13.86 | C51: = | D51: 90 | E51: * | F51: =B30 -> 154 | G51: * | H51: 0.001
B53: Wärmespeicherfähigkeit
B54: Cwirk | C54: = | D54: 90 | E54: * | F54: ANGF | N54: Cwirk Wärmespeicherfähigkeit - Ausnutzungsgrad
B55: [Wh/K] | D55: [Wh/(m²K) | F55: [m²] | N55: mittelschwere Gebäudezonen 90 Wh/(m²K]
B56: =D56*F56 -> 13860 | C56: = | D56: 90 | E56: * | F56: =B30 -> 154
B58: Nutzenergiebedarf Trinkwarmwasser
B59: qw,b | C59: = | D59: 16.5 | E59: - | F59: (ANGF,WE,m | G59: * | H59: 0,05) | N59: qw,b Nutzenergiebedarf Trinkwarmwasser (Jahreswert)
B60: [kWh/m²a] | D60: Fixwert [kWh/a] | F60: [m²] | H60: Fixwert | N60: Mindestens qw,b = 8,5 [kWh/m²a]
B61: =D61-(F61*H61) -> 9.8369333 | C61: = | D61: 16.5 | E61: - | F61: =B25 -> 133.26133 | G61: * | H61: 0.05 | N61: Vereinfachtes Verfahren nach DIN 18599-10:
B62: 11 | N62: qw,b = 11 kWh/m²a (EFH) oder qw,b = 15 kWh/m²a (MFH)
B63: [kWh/a] | C63: = | D63: [kWh/m²a] | E63: * | F63: [m²]
B64: =ROUND(D64*F64,2) -> 1465.87 | C64: = | D64: =B62 -> 11 | E64: * | F64: =B25 -> 133.26133
B66: vorläufiger Heizwärmebedarf (Nutzenergie Heizen) | N66: QH,N Nutzenergie Heizen Jahreswert ohne solare und interne Gewinne
B67: QH,N | C67: = | D67: H | E67: * | F67: HDD | G67: * | H67: 24/1000 | N67: HDD (Gradzahltag Regensburg) = 3626 [Kd/a]
B68: [kWh/a] | D68: [W/K] | F68: [Kd/a] | H68: Fixwert | N68: gemäß Software Standort Potsdam = 3279 [Kd/a]
B69: =D69*F69*H69 -> 48062.715 | C69: = | D69: =B40 -> 610.73898 | E69: * | F69: 3279 | G69: * | H69: 0.024
B71: Interne Gewinne | N71: qI = 45 Wh/m²d (EFH); qI = 90 Wh/m²d (MFH)
B72: QI,source, | C72: = | D72: qI | E72: * | F72: ANGF | G72: * | H72: Anzahl der Tage [a] | I72: * | J72: 1/1000 | N72: Korrekturfaktor um den Jahreswert zu erreichen
B73: [kWh/a] | D73: [Wh/m²d] | F73: [m²] | J73: Fixwert
B74: =D74*F74*H74*J74 -> 2188.8174 | C74: = | D74: 45 | E74: * | F74: =B25 -> 133.26133 | G74: * | H74: 365 | I74: * | J74: 0.001 | N74: laut Ralf erstmal keine Berücksichtigung
B76: Heizwärmebedarf
B77: QH | C77: = | D77: QH,N | E77: - | F77: QI,source,
B78: [kWh/a] | D78: [kWh/a] | F78: [kWh/a]
B81: Solare Gewinne
B82: nach Rücksprache mit Ralf als vorläufig vernachlässigbar zu betrachten (prozentualen Anteil festlegen)
B86: Gesamte Aufwandszahl
B87: eGesamt | C87: = | D87: eHeizung | E87: * | F87: eh,ce,0 | G87: + | H87: eh,ce,1 | I87: + | J87: eh,ce,2
B89: =D89*(F89+H89) -> 1.13741 | C89: = | D89: ='Kat. 2 Heizung'!F14 -> 1.07 | E89: * | F89: {='Kat. 2 Heizung'!N36:N36} -> 1.042 | G89: + | H89: ='Kat. 2 Heizung'!M44 -> 0.021 | I89: + | J89: 0
B91: Endenergiebedarf Qf in [kWh/a] | L91: Endenergiebedarf qf in [kWh/(m²a)]
B92: Qf | C92: = | D92: (QH | E92: * | F92: e th,ges) | G92: + | H92: Qw,b | L92: qf | M92: = | N92: (Qf | O92: / | P92: AN
B93: [kWh/a] | D93: [kWh/a] | H93: [kWh/a] | L93: [kWh/a] | N93: [kWh/a] | P93: [m²]
B94: =ROUNDUP(D94*F94+H94,0) -> 56133 | C94: = | D94: =B69 -> 48062.715 | E94: * | F94: =B89 -> 1.13741 | G94: + | H94: =B64 -> 1465.87 | L94: =ROUND(N94/P94,1) -> 386.1 | M94: = | N94: =B94 -> 56133 | O94: / | P94: =B15 -> 145.376
B96: Primärenergiebedarf Qp in [kWh/a] | L96: Primärenergiebedarf qp in [kWh/m²a]
B97: Qp | C97: = | D97: Qf | E97: * | F97: Primärenergie-faktor fp | L97: qp | M97: = | N97: Qf | O97: / | P97: AN
B98: [kWh/a] | D98: [kWh/a] | L98: [kWh/m²a] | N98: [kWh/a] | P98: [m²]
B99: =ROUNDUP(D99*F99,0) -> 61747 | C99: = | D99: =B94 -> 56133 | E99: * | F99: 1.1 | L99: =ROUNDUP(N99/P99,1) -> 424.8 | M99: = | N99: =B99 -> 61747 | O99: / | P99: =B15 -> 145.376
B101: CO2-äquivalente Emissionen (Jahreswert)
B102: mCO2 | C102: = | D102: Qf | E102: * | F102: xCO2
B103: [g/a] | D103: [kWh/a] | F103: [g/kWh]
B104: =D104*F104 -> 11282733 | C104: = | D104: =B94 -> 56133 | E104: * | F104: ='Kat. 2 Heizung'!D72 -> 201
B105: [t/a] | C105: = | D105: [g/a] | E105: * | F105: 1/1000000
B106: =ROUND(D106*F106,2) -> 11.28 | C106: = | D106: =B104 -> 11282733 | E106: * | F106: 1e-06
B108: Brennstoffverbrauch
B109: [m³/a] | C109: = | D109: Qf | E109: / | F109: Heizwert
B110: =ROUND(D110/F110,0) -> 5387 | C110: = | D110: =B94 -> 56133 | E110: / | F110: ='Kat. 2 Heizung'!C82 -> 10.42
B112: absolute Brennstoffkosten
B113: [€/a] | C113: = | D113: [m³/a] | E113: * | F113: Arbeitspreis | G113: + | H113: Grundpreis
B114: =ROUND(D114*F114+H114,0) -> 3694 | C114: = | D114: =B110 -> 5387 | E114: * | F114: ='Kat. 2 Heizung'!D82 -> 0.652 | G114: + | H114: ='Kat. 2 Heizung'!E82 -> 181.83
B116: Testgebäude 1
W118: = | X118: 47900
W129: = | X129: 18,5% von 47.900
W130: = | X130: 5,5% von 47.900
W135: = | X135: 55% von 36.200

Sheet Kat. 1 U-Wert
A1: Quelle: Bundesanzeiger - Bekanntmachung der Regeln zur Datenaufnahme und Datenverwendung im Wohngebäudebestand vom 08. Oktober 2020
M3: grau = wird nicht genutzt
A5: Tabelle 2: Pauschalwerte für den Wärmedurchgangskoeffizienten
A6: Bauteil | B6: Konstruktion | C6: Baualtersklassen
C7: bis 1918 | D7: 1919 bis 1948 | E7: 1949 bis 1957 | F7: 1958 bis 1968 | G7: 1969 bis 1978 | H7: 1979 bis 1983 | I7: 1984 bis 1994 | J7: 1995 bis 2001 | K7: 2002 bis 2006
C8: Pauschalwerte für den Wärmedurchgangskoeffizienten in W/(m²*K)
A9: Dach | B9: Massive Konstruktion | C9: 2.1 | D9: 2.1 | E9: 2.1 | F9: 1.3 | G9: 1.3 | H9: 0.6 | I9: 0.4 | J9: 0.3 | K9: 0.2 | M9: Empfehlung Komplettsanierung
B10: Holzkonstruktion | C10: 2.6 | D10: 1.4 | E10: 1.4 | F10: 1.4 | G10: 0.8 | H10: 0.7 | I10: 0.5 | J10: 0.3 | K10: 0.2
A12: Oberste Geschossdecke | B12: Massive Decke | C12: 2.1 | D12: 2.1 | E12: 2.1 | F12: 2.1 | G12: 0.6 | H12: 0.6 | I12: 0.3 | J12: 0.3 | K12: 0.2
B13: Holzbalkendecke | C13: 1 | D13: 1 | E13: 0.8 | F13: 0.7 | G13: 0.6 | H13: 0.4 | I13: 0.3 | J13: 0.3 | K13: 0.3
A15: Außenwand massive Konstruktion | B15: Zweischalige Wandaufbauten | C15: 1.3 | D15: 1.3 | E15: 1.3 | F15: 1.4 | G15: 1 | H15: 0.8 | I15: 0.6 | J15: 0.5 | K15: 0.4
B16: Zweischalige Wand- aufbauten mit Dämmung | C16: keine Angabe | D16: keine Angabe | E16: 1 | F16: 0.9 | G16: 0.9 | H16: 0.7 | I16: 0.5 | J16: 0.5 | K16: 0.4
B17: Massivwand aus Vollziegel bis 20cm Wandstärke | C17: 2.8 | D17: 2.8 | E17: 2.8 | F17: keine Angabe | G17: keine Angabe | H17: keine Angabe | I17: keine Angabe | J17: keine Angabe | K17: keine Angabe
B18: Wie vorstehend, jedoch 20 bis 30cm Wandstärke | C18: 1.8 | D18: 1.8 | E18: 1.8 | F18: keine Angabe | G18: keine Angabe | H18: keine Angabe | I18: keine Angabe | J18: keine Angabe | K18: keine Angabe
B19: Wie vorstehend, jedoch über 30cm Wandstärke | C19: 1.5 | D19: 1.5 | E19: 1.5 | F19: keine Angabe | G19: keine Angabe | H19: keine Angabe | I19: keine Angabe | J19: keine Angabe | K19: keine Angabe
B20: Massivwand aus Hochlochziegel | C20: 1.4 | D20: 1.4 | E20: 1.4 | F20: 1.4 | G20: 1 | H20: 0.8 | I20: 0.6 | J20: 0.5 | K20: 0.4
B21: Sonstige massive Wandaufbauten bis 20cm Wandstärke | C21: 3 | D21: 3 | E21: 3 | F21: 1.4 | G21: 1 | H21: 0.8 | I21: 0.7 | J21: 0.7 | K21: 0.4
B22: Sonstige Wandaufbauten über 20cm Wandstärke | C22: 2.2 | D22: 2.2 | E22: 2.2 | F22: 1.4 | G22: 1 | H22: 0.8 | I22: 0.6 | J22: 0.5 | K22: 0.4
A24: Außenwand Holzkonstruktion (Fachwerk, Fertighaus) | B24: Massivholzwand, Holzrahmen oder Holztafelwand | C24: 0.5 | D24: 0.5 | E24: 0.5 | F24: 0.5 | G24: 0.5 | H24: 0.5 | I24: 0.4 | J24: 0.4 | K24: 0.3
B25: Sonstige Holzkonstruktion | C25: 2 | D25: 2 | E25: 1.5 | F25: 1.4 | G25: 0.6 | H25: 0.5 | I25: 0.4 | J25: 0.4 | K25: 0.3
A27: Sonstige Bauteile gg. Erdreich oder unbeheizte Räume | B27: Kellerdecke Stahlbeton massiv | C27: 1.6 | D27: 1.6 | E27: 2.3 | F27: 1 | G27: 1 | H27: 0.8 | I27: 0.6 | J27: 0.6 | K27: 0.5
B28: Kellerdecke als Holzbalkendecke | C28: 1 | D28: 1 | E28: 1 | F28: 0.8 | G28: 0.6 | H28: 0.6 | I28: 0.4 | J28: 0.4 | K28: 0.4
B29: Boden gegen Erdreich, Stahlbeton massiv | C29: 1.6 | D29: 1.6 | E29: 2.3 | F29: 1.2 | G29: 1.2 | H29: 0.8 | I29: 0.6 | J29: 0.6 | K29: 0.5
A31: Türen | B31: Im Wesentlichen aus Metall | C31: 4
B32: Im Wesentlichen aus Holz, Holzwerkstoffen oder Kunststoff | C32: 2.9
A34: Bauteil | B34: Konstruktion | F34: Eigen- schaft | G34: Baualtersklasse
G35: bis 1978 | H35: 1979 bis 1983 | I35: 1984 bis 1994 | J35: 1995 bis 2001 | K35: ab 2002
A38: Fenster, Fenstertüren | B38: Holzfenster, einfach verglast | F38: UW | G38: 5 | H38: keine Angabe | I38: keine Angabe | J38: keine Angabe | K38: keine Angabe
F39: Glas | G39: einfach | H39: keine Angabe | I39: keine Angabe | J39: keine Angabe | K39: keine Angabe
B40: Holzfenster, zwei Scheiben | F40: UW | G40: 2.7 | H40: 2.7 | I40: 2.7 | J40: 1.6 | K40: 1.5
F41: Glas | G41: zweifach | H41: zweifach | I41: zweifach | J41: MSIV 2 | K41: MSIV 2
B42: Kunststofffenster, Isolierverglasung | F42: UW | G42: 3 | H42: 3 | I42: 3 | J42: 1.9 | K42: 1.5
F43: Glas | G43: zweifach | H43: zweifach | I43: zweifach | J43: MSIV 2 | K43: MSIV 2
B44: Aluminium- oder Stahlfenster, Isolierverglasung | F44: UW | G44: 4.3 | H44: 4.3 | I44: 3.2 | J44: 1.9 | K44: 1.5
F45: Glas | G45: zweifach | H45: zweifach | I45: zweifach | J45: MSIV 2 | K45: MSIV 2
A46: MSIV 2 = Mehrscheibenisolierverglasung
A49: Tabelle: Wärmeübergangswiderstände (R-Werte Rsi und Rse) für an Außenluft grenzende Räume
A50: Wärmeübergangswiderstand | C50: aufwärts | E50: horizontal | G50: abwärts
A51: Rsi | C51: 0.1 | E51: 0.13 | G51: 0.17
A52: Rse | C52: 0.04 | E52: 0.04 | G52: 0.04
A55: Quelle: Bundesanzeiger - Richtlinie für die Bundesförderung für effiziente Gebäude - Einzelmaßnahmen (BEG EM) vom 21. Dezember 2023
A56: Seite 18 ff
A58: 1.1 Dämmung der Gebäudehülle, Sanierung von Fenstern, Türen und Vorhangfassaden
A59: Erneuerung, Ersatz oder erstmaliger Einbau von Bauteilen der thermischen Gebäudehülle | E59: Höchstwerte der Wärmedurchgangskoeffizienten Umax in W/(m2 · K) beziehungsweise der max. Wärmeleitfähigkeit λ in W/(m · K)
E62: Wohngebäude und Zonen von Nichtwohngebäuden T ≥ 19 °C | H62: Zonen von Nichtwohngebäuden mit 12 °C < T < 19 °C
A65: Bauteilgruppe: Außenwand
A67: Außenwand | F67: 0.2 | H67: 0.25
A68: Einblasdämmung/Kerndämmung bei bestehendem zweischaligem Mauerwerk | E68: λ ≤ 0,035 W/(m·K) | H68: λ ≤ 0,040 W/(m·K)
A70: Außenwände bei Baudenkmalen für alle Gebäude und bei sonstiger besonders erhaltenswerter Bausubstanz nur für Wohngebäude | E70: 0.45 | H70: 0.55
A72: Außenwände mit Sichtfachwerk (Innendämmung bei Fachwerkaußenwänden, Erneuerung der Ausfachungen) | E72: 0.65 | H72: 0.8
A74: Bauteilgruppe: Fenster, Fenstertüren, Dachflächenfenster, Glasdächer, Außentüren und Vorhangfassaden sowie Tore bei Nichtwohngebäuden
A76: Fenster, Balkon- und Terrassentüren | F76: 0.95 | I76: 1.3
A77: Ertüchtigung von Fenstern, Balkon- und Terrassentüren sowie von Kastenfenstern sowie von Fenstern mit Sonderverglasung | E77: 1.1 | H77: 1.4
A79: Barrierearme oder einbruchhemmende Fenster, Balkon- und Terrassentüren | E79: 1.1 | H79: 1.4
A81: Fenster, Balkon- und Terrassentüren mit Sonderverglasung (Verglasung zum Schall- und Brandschutz sowie Durchschuss-, Durchbruch- und Sprengwirkungshemmung) | E81: 1.4 | H81: 1.7
A84: Fenster, Balkon- und Terrassentüren bei Baudenkmalen für alle Gebäude und bei sonstiger besonders erhaltenswerter Bausubstanz nur für Wohngebäude | E84: 1.6 | H84: 1.7
A87: Fenster, Balkon- und Terrassentüren mit echten glasteilenden Sprossen bei Baudenkmalen für alle Gebäude und bei sonstiger besonders erhaltenswerter Bausubstanz nur für Wohngebäude | F87: 1.6 | I87: 1.9
A88: Dachflächenfenster | F88: 1 | I88: 1.1
A89: Glasdächer | F89: 1.6 | I89: 1.9
A90: Lichtbänder und Lichtkuppeln | F90: 1.5 | I90: 1.9
A91: Vorhangfassaden2 | F91: 1.3 | I91: 1.6
A92: Außentüren beheizter Räume, Hauseingangstüren | F92: 1.3 | I92: 1.6
A93: Tore (nur Nichtwohngebäude) | F93: 1 | I93: 2
A94: Bauteilgruppe: Dachflächen sowie Decken und Wände gegen unbeheizte Räume, Bodenflächen
A96: Dachflächen von Schrägdächern und dazugehörige Kehlbalkenlagen | F96: 0.14 | I96: 0.25
A97: Dachgauben | F97: 0.2 | I97: 0.25
A98: Oberste Geschossdecken und Wände (einschließlich Abseitenwände) gegen unbeheizte Dachräume | F98: 0.14 | I98: 0.25
A99: Flachdächer und Dachflächen mit Abdichtung | F99: 0.14 | I99: 0.2
A100: Dachflächen bei Baudenkmalen für alle Gebäude und bei sonstiger besonders erhaltenswerter Bausubstanz nur für Wohngebäude höchstmögliche Dämmstoffdicke (Flachdächer, Schrägdächer sowie dazugehörige Kehlbalkenlagen, Dachgauben oder oberste Geschossdecken) | E100: λ ≤ 0,040 W/(m·K) | H100: λ ≤ 0,040 W/(m·K)
A101: Wände gegen Erdreich oder unbeheizte Räume sowie Kellerräume | F101: 0.25 | I101: 0.25
A102: Decken gegen unbeheizte Räume sowie Kellerdecken | F102: 0.25 | I102: 0.25
A103: Geschossdecken gegen Außenluft von unten | F103: 0.2 | I103: 0.25
A104: Bodenflächen gegen Erdreich | F104: 0.25 | I104: 0.25
A105: Neuer Fußbodenaufbau bei bestehenden Bodenflächen gegen Erdreich (nur NWG) | F105: 0.35 | I105: 0.35

Sheet Kat. 2 Heizung
A1: Quelle: Bundesanzeiger - Bekanntmachung der Regeln zur Datenaufnahme und Datenverwendung im Wohngebäudebestand vom 08. Oktober 2020
B3: Endenergie-Aufwandszahl | C3: Durchschnittswerte für die Raumheizung und Warmwasserbereitung (ohne Hilfsenergie) | I3: * | J3: Raumtemperaturregelung Flächenheizung | K3: oder | L3: Raumtemperaturregelung freie Heizflächen
D4: Heizkreistemperatur | E4: Baualter | F4: Aufwandszahl e AN150 [m²] | G4: Aufwandszahl e AN 500 [m²] | H4: Aufwandszahl e AN 2500 [m²]
J5: eh,ce,0 + ∆eh,ce,1 | L5: eh,ce,0 + ∆eh,ce,1
C6: Standardkessel (auch Holzkessel) | D6: 70/55°C | E6: bis 1986 | F6: 1.47 | G6: 1.36 | H6: 1.28 | J6: =F33+F43 -> 1.128 | L6: =N33+M44 -> 1.128
E7: 1987 - 1994 | F7: 1.34 | G7: 1.26 | H7: 1.19 | J7: =F35+F43 -> 1.104 | L7: =N35+M44 -> 1.104
E8: ab 1995 | F8: 1.33 | G8: 1.23 | H8: 1.16 | J8: =F36+F43 -> 1.063 | L8: =N36+M44 -> 1.063
C9: Niedertemperaturkessel Öl / Gas | D9: 70/55°C | E9: bis 1986 | F9: 1.24 | G9: 1.21 | H9: 1.18 | J9: =F35+F43 -> 1.104 | L9: =N35+M44 -> 1.104
E10: 1987 bis 1994 | F10: 1.19 | G10: 1.15 | H10: 1.13 | J10: =F36+F43 -> 1.063 | L10: =N36+M44 -> 1.063
E11: ab 1995 | F11: 1.14 | G11: 1.11 | H11: 1.09 | J11: =F37+F43 -> 1.063 | L11: =N37+M44 -> 1.063
C12: Brennwertkessel | D12: 70/55°C | E12: bis 1986 | F12: 1.11 | G12: 1.09 | H12: 1.07 | J12: =F35+F43 -> 1.104 | L12: =N35+M44 -> 1.104
E13: 1987 bis 1994 | F13: 1.09 | G13: 1.06 | H13: 1.04 | J13: =F36+F43 -> 1.063 | L13: =N36+M44 -> 1.063
E14: ab 1995 | F14: 1.07 | G14: 1.05 | H14: 1.04 | J14: =F36+F43 -> 1.063 | L14: =N36+M44 -> 1.063 | N14: Testgebäude 1
C15: Brennwertkessel (verbessert) | D15: 55/45°C | E15: ab 1999 | F15: 0.99 | G15: 0.98 | H15: 0.97 | J15: =F37+F43 -> 1.063 | L15: =N37+M45 -> 1.057
C16: Fernwärme | D16: alle | E16: alle | F16: 1.02 | G16: 1.02 | H16: 1.02 | J16: =F37+F43 -> 1.063 | L16: =N37+M45 -> 1.057
C17: Elektrowärmepumpe, Außenluft (Elektrisch betriebene Luft/Wasser- Wärmepumpe) | D17: 55/45°C | E17: 1979 bis 1994 | F17: 0.45 | G17: 0.45 | H17: 0.45 | J17: =F36+F43 -> 1.063 | L17: =N36+M45 -> 1.057
E18: ab 1995 | F18: 0.43 | G18: 0.43 | H18: 0.43 | J18: =F38+F43 -> 1.051 | L18: =N38+M45 -> 1.045
D19: <40°C | E19: 1979 bis 1994 | F19: 0.4 | G19: 0.4 | H19: 0.4 | J19: =F37+F43 -> 1.063 | L19: =N37+M46 -> 1.054
E20: ab 1995 | F20: 0.38 | G20: 0.38 | H20: 0.38 | J20: =F38+F43 -> 1.051 | L20: =N38+M46 -> 1.042
C21: Elektrowärmepumpe, Erdreich/Grundwasser (Elektrisch betriebene Sole/Wasser-Wärmepumpe; Wasser/Wasser-Wärmepumpe) | D21: 55/45°C | E21: 1979 bis 1994 | F21: 0.36 | G21: 0.36 | H21: 0.36 | J21: =F36+F43 -> 1.063 | L21: =N36+M45 -> 1.057
E22: ab 1995 | F22: 0.3 | G22: 0.3 | H22: 0.3 | J22: =F38+F43 -> 1.051 | L22: =N38+M45 -> 1.045
D23: <40°C | E23: 1979 bis 1994 | F23: 0.32 | G23: 0.32 | H23: 0.32 | J23: =F37+F43 -> 1.063 | L23: =N36+M46 -> 1.054
E24: ab 1995 | F24: 0.27 | G24: 0.27 | H24: 0.27 | J24: =F38+F43 -> 1.051 | L24: =N38+M46 -> 1.042
C25: Ölbefeuerte Einzelöfen | E25: alle | F25: 1.4 | G25: 1.4 | H25: - | J25: - | L25: -
C26: Gasraumheizer | E26: alle | F26: 1.47 | G26: 1.47 | H26: - | J26: - | L26: -
C27: Elektro-Direktheizgerät | E27: alle | F27: 1.02 | G27: 1.02 | H27: - | J27: - | L27: -
B30: Tabelle 22 - Aufwandszahl für bauteilintegrierten Heizflächen (Flächenheizungen); lichte Raumhöhe ≤ 4m | H30: Aufwandszahl für freie Heizflächen - Raumhöhe ≤ 4m
B31: Einflussparameter | F31: eh,ce,0 | H31: Einflussparameter | M31: eh,ce,0
B32: Raumtemperaturregelung | C32: ungeregelt, mit zentraler Zulauftemperaturregelung | F32: 1.149 | H32: Raumtemperaturregelung | I32: ungeregelt, mit zentraler Zulauftemperaturregelung | N32: 1.149
C33: Führungsraumregelung- oder Ein-Rohr-Heizung | F33: 1.107 | I33: Führungsraumregelung- oder Ein-Rohr-Heizung | N33: 1.107
C34: Raumtemperaturregelung (elektromechanisch/elektronisch) | F34: 1.095 | I34: Raumtemperaturregelung (elektromechanisch/elektronisch) | N34: 1.095
C35: P-Regler (vor 1988) | F35: 1.083 | I35: P-Regler (vor 1988) | N35: 1.083
C36: P-Regler, 2-Punkt-Regler (Hysterese ≤ 0,5K | F36: 1.042 | I36: P-Reglera | N36: 1.042
C37: PI-Reglera | F37: 1.042 | I37: PI-Reglera | N37: 1.042
C38: PID-Regler (mit Optimierungsfunktion, z.B. Anwesenheits- management, adaptivem Regler)a | F38: 1.03 | I38: PID-Regler (mit Optimierungsfunktion, z.B. Anwesenheits- management, adaptivem Regler)a | N38: 1.03
B40: Zu- / Abschlag auf Aufwandszahl eh,ce,0 | H40: Zu- / Abschlag auf Aufwandszahl eh,ce,0
F41: ∆eh,ce,1 | M41: ∆eh,ce,1
B42: System | C42: Fußbodenheizung | H42: Übertemperatur | I42: Zwei-Rohr-Heizung und Ein-Rohr-Heizung, erneuert
C43:  Nasssystem | F43: 0.021 | I43: 60K (z.B. 90°C / 70°C) | M43: 0.036
C44:  Trockensystem | F44: 0.012 | I44: 42,5K (z.B. 70°C / 55°C) | M44: 0.021
C45:  System mit niedriger Bedeckung | F45: 0.006 | I45: 30K (z.B. 55°C / 45°C) | M45: 0.015
C46: Wandheizung | F46: 0.045 | I46: 20K (z.B. 45°C / 35°C) | M46: 0.012
C47: Deckenheizung | F47: 0.063 | I47: Ein-Rohr-Heizung (nicht erneuert)
C48: Heizungsanlage in Verbindung mit mechanischer Lüftung | F48: 0 | I48: 60K (z.B. 90°C / 70°C) | M48: 0.048
F49: ∆eh,ce,2 | I49: 42,5K (z.B. 70°C / 55°C) | M49: 0.036
B50: spezifische Wärmeverlust über angrenzende Flächen | C50: integrierte Heizfläche ohne Mindestdämmung nach DIN EN 1264 (alle Teile) | F50: 0.042 | I50: Heizungsanlage in Verbindung mit mechanischer Lüftung | M50: 0.006
I51: Radiatoren mit Gebläse | M51: 0
C52: integrierte Heizfläche mit Mindestdämmung nach DIN EN 1264 (alle Teile) | F52: 0.015 | M52: ∆eh,ce,2
H53: spezifische Wärmeverlust über Außenbauteile (GF = Glasfläche) | I53: Radiatorenposition Innenwand | M53: 0.039
C54: integrierte Heizfläche einer 100% besseren Dämmung als nach DIN EN 1264 (alle Teile) gefordert | F54: 0.003 | I54: Radiatorenposition Außenwand
I55:  Glasfläche ohne Strahlungsschutz | M55: 0.051
I56:  Glasfläche mit Strahlungsschutz | M56: 0.036
I57:  Außenwand | M57: 0.009
B58: Primärenergiefaktor fp | M58: ∆eh,ce,3
B59: Heizöl EL | C59: 1.1 | H59: intermittierender Betriebb | I59: Regler | M59: 0
B60: Erdgas E | C60: 1.1 | I60: Heizkörper | M60: -0.018
B61: Holzhackschnitzel; Holzpellets | C61: 0.2 | M61: ∆eh,ce,4
B62: Strom-Mix | C62: 1.8 | H62: erhöhte Strahlung | M62: 0
B63: Fernwärme, fossil | C63: 1.3 | M63: ∆eh,ce,5
H64: Einzelraumregelsystem | I64: eigenständig | M64: -0.03
B65: CO2-Faktoren der Energieträger gemäß Informationsblatt CO2-Faktoren der Bafa | I65: eigenständig mit selbstständiger Start/Stopp-Anpassung | M65: -0.06
B66: Energieträger | C66: [tCO2/MWh] | D66: [gCO2/kWh] | I66: Netzwerkbetrieb mit selbstständiger Anpassung und Interaktion | M66: -0.072
B67: Biomasse Holz | C67: 0.027 | D67: 30
B68: Pellets | C68: 0.036 | D68: 36
B69: Strom (erneuerbare Quelle) | C69: 0 | D69: 0
B70: Strom Energieträgerwechsel zu Strom | C70: 0.366 | D70: 366
B71: Biogas | C71: 0.152 | D71: 152
B72: Erdgas | C72: 0.201 | D72: 201
B73: Heizöl, schwer | C73: 0.288 | D73: 288
B74: Nah-/Fernwärme | C74: 0.28 | D74: 280
B77: Brennstoffdaten gemäß GEG/EnEV
C78: Heizwert [kWh/x] | D78: Arbeitspreis [€/x] | E78: Grundpreis [€/a]
B79: Biomasse Stückholz x =[rm] | C79: 1900 | D79: 57 | E79: 0
B80: Pellets x =[kg] | C80: 4.9 | D80: 0.206 | E80: 0
B81: Strom-Mix | C81: 1 | D81: 0.192 | E81: 50
B82: Erdgas E x = [m³] | C82: 10.42 | D82: 0.652 | E82: 181.83
B83: Heizöl EL x = [l] | C83: 10.08 | D83: 0.597 | E83: 0

Sheet Formeln
A3: Jahres-Heizwärmebedarf kWh/a | D3: [Gradtagsfaktor x (Transmissionswärmeverlust + Lüftungswärmeverlust)] - [Nutzungsgrad interner Gewinne x (solare Gewinne + interne Gewinne)]
A5: Interne Wärmegewinne W/m² | D5: 5 x Nutzfläche x Länge der Heizperiode x 0,024 (Länge der Heizperiode im Durchschnitt 185 Tage)
A7: Solare Gewinne | D7: ∑ (Einstrahlung x Energiedurchlassgrad der Fenster x Fläche X Korrekturfaktoren) pro Himmelsrichtung
A9: Wärmebedarf | D9: Transmissionswärmeverlust + Lüftungswärmeverlust
A11: Transmissionswärmeverlust HT | D11: ∑ (Korrekturfaktor x U-Wert x Bauteilfläche) + (Wärmebrückenzuschlag x Hüllfläche des Gebäudes) | S11: Absoluter Wert
A13: spezifischer Transmissionswärmeverlust HT' | D13: Transmissionswärmeverlust HT / thermische Hüllfläche | S13: Flächenbezogen
A15: Nutzfläche ANG | D15: Gebäudevolumen x 0,32
A17: Gradtagszahl Kd/a | D17: Außentemperatur unter einer festgelegten Heizgrenztemperatur (regional) (Bsp.: dena-Energiepass)
A19: Gradtagsfaktor kKh | D19: Gradtagszahl x Faktor 0,024
A21: Lüftungswärmetransferkoeffizient HV [W/K] | D21: 0,34 x Luftwechselrate x beheiztes Luftvolumen (Luftwechselrate aus DIN 18599 Tabelle 12 - 14)
A26: Kleinbuchstaben beziehen sich auf m² / Großbuchstaben beziehen sich auf den Jahreswert
